      Size,    Bubble, Insertion, Selection,    Fusion,     Quick,      Heap
        10,       150,        69,        63,        24,        66,       155
        10,       174,        93,        69,        23,        45,       150
        10,       156,        75,        63,        24,        45,       135
        10,       132,        51,        63,        23,        72,       160
        10,       174,        93,        69,        23,        51,       135
        10,       153,        72,        69,        23,        60,       145
        10,       165,        84,        66,        24,        48,       150
        10,       159,        78,        72,        21,        42,       150
        10,       138,        57,        69,        20,        48,       165
        10,       153,        72,        60,        23,        78,       140
        10,       156,        75,        63,        23,        66,       145
        10,       171,        90,        72,        22,        51,       150
        10,       174,        93,        69,        23,        54,       145
        10,       150,        69,        63,        24,        42,       145
        10,       162,        81,        66,        24,        60,       150
        10,       168,        87,        63,        22,        54,       145
        10,       129,        48,        66,        22,        84,       155
        10,       129,        48,        66,        21,        57,       160
        10,       159,        78,        72,        24,        72,       160
        10,       210,       129,        69,        21,        57,       135
        10,       177,        96,        72,        24,        42,       150
        10,       168,        87,        72,        24,        48,       155
        10,       126,        45,        63,        21,        69,       155
        10,       174,        93,        63,        25,        45,       145
        10,       135,        54,        66,        21,       108,       150
        10,       138,        57,        66,        24,        54,       145
        10,       177,        96,        66,        23,        51,       150
        10,       144,        63,        63,        21,        66,       155
        10,       156,        75,        63,        22,        48,       155
        10,       132,        51,        63,        22,        36,       155
        10,       144,        63,        63,        23,        81,       135
        10,       162,        81,        63,        21,        81,       145
        10,       159,        78,        72,        21,        42,       150
        10,       153,        72,        60,        23,        42,       160
        10,       159,        78,        72,        22,        54,       140
        10,       135,        54,        63,        22,        87,       165
        10,       168,        87,        69,        24,        66,       155
        10,       168,        87,        63,        24,        48,       145
        10,       126,        45,        57,        22,        42,       155
        10,       150,        69,        69,        23,        45,       135
        10,       153,        72,        60,        23,        60,       150
        10,       129,        48,        66,        22,        69,       150
        10,       153,        72,        72,        21,        54,       140
        10,       144,        63,        69,        24,        78,       165
        10,       168,        87,        69,        25,        45,       145
        10,       153,        72,        66,        23,        42,       150
        10,       150,        69,        63,        25,        54,       130
        10,       138,        57,        66,        23,        42,       150
        10,       153,        72,        66,        22,        42,       140
        10,       177,        96,        66,        20,        60,       130
        10,       147,        66,        66,        20,        63,       150
        10,       144,        63,        69,        22,        48,       145
        10,       129,        48,        66,        21,        75,       165
        10,       174,        93,        63,        22,        45,       145
        10,       135,        54,        66,        20,        57,       170
        10,       174,        93,        72,        24,        36,       145
        10,       144,        63,        69,        23,        69,       155
        10,       153,        72,        66,        25,        48,       140
        10,       156,        75,        63,        22,        45,       155
        10,       162,        81,        69,        23,        54,       145
        10,       186,       105,        69,        22,        45,       145
        10,       162,        81,        63,        24,        75,       145
        10,       129,        48,        60,        23,        63,       160
        10,       162,        81,        63,        23,        45,       165
        10,       162,        81,        63,        25,        69,       155
        10,       141,        60,        66,        21,        69,       150
        10,       162,        81,        69,        24,        54,       145
        10,       138,        57,        63,        25,        93,       145
        10,       150,        69,        69,        25,        51,       160
        10,       159,        78,        60,        21,        54,       150
        10,       147,        66,        66,        24,        33,       150
        10,       171,        90,        66,        24,        63,       150
        10,       153,        72,        60,        24,        57,       140
        10,       150,        69,        69,        24,        57,       145
        10,       159,        78,        69,        23,        60,       155
        10,       162,        81,        69,        24,        60,       155
        10,       138,        57,        72,        21,        57,       160
        10,       162,        81,        69,        23,        75,       155
        10,       147,        66,        72,        24,        36,       150
        10,       159,        78,        66,        24,        54,       150
        10,       171,        90,        66,        23,        57,       140
        10,       144,        63,        69,        21,        63,       145
        10,       159,        78,        66,        22,        81,       150
        10,       123,        42,        66,        22,        42,       145
        10,       156,        75,        63,        23,        36,       150
        10,       141,        60,        63,        24,        75,       140
        10,       153,        72,        60,        23,        72,       150
        10,       153,        72,        66,        24,        48,       145
        10,       159,        78,        72,        22,        42,       160
        10,       153,        72,        60,        23,        63,       150
        10,       132,        51,        69,        21,        54,       155
        10,       135,        54,        60,        21,        87,       150
        10,       174,        93,        69,        25,        45,       145
        10,       141,        60,        60,        23,        69,       160
        10,       156,        75,        69,        23,        42,       150
        10,       168,        87,        69,        24,        54,       155
        10,       120,        39,        63,        19,        72,       165
        10,       150,        69,        69,        23,        42,       140
        10,       153,        72,        66,        24,        42,       160
        10,       174,        93,        69,        23,        39,       145
        10,       141,        60,        57,        24,        75,       165
        10,       156,        75,        66,        22,        36,       145
        10,       168,        87,        69,        25,        39,       145
        10,       177,        96,        72,        19,        48,       150
        10,       126,        45,        69,        21,        69,       145
        10,       144,        63,        63,        21,        36,       145
        10,       159,        78,        60,        25,        69,       160
        10,       189,       108,        66,        19,        45,       130
        10,       165,        84,        69,        23,        63,       155
        10,       159,        78,        66,        20,        63,       140
        20,       713,       352,       241,        64,       102,       375
        20,       629,       268,       244,        63,       156,       405
        20,       623,       262,       241,        66,       111,       380
        20,       647,       286,       238,        65,       150,       390
        20,       641,       280,       235,        65,       153,       385
        20,       713,       352,       244,        66,       138,       380
        20,       641,       280,       241,        63,       108,       405
        20,       635,       274,       235,        66,       123,       405
        20,       638,       277,       241,        59,       126,       395
        20,       575,       214,       247,        59,       159,       400
        20,       629,       268,       235,        67,       129,       390
        20,       554,       193,       238,        64,       219,       395
        20,       593,       232,       241,        67,       216,       385
        20,       599,       238,       229,        64,       144,       390
        20,       692,       331,       238,        61,       147,       375
        20,       740,       379,       238,        65,       153,       375
        20,       644,       283,       238,        64,       102,       395
        20,       659,       298,       235,        66,       141,       395
        20,       569,       208,       235,        64,       198,       395
        20,       722,       361,       244,        62,       165,       375
        20,       662,       301,       241,        68,       141,       375
        20,       737,       376,       244,        68,       111,       375
        20,       677,       316,       241,        69,       126,       380
        20,       689,       328,       241,        60,       120,       390
        20,       725,       364,       241,        65,       141,       360
        20,       695,       334,       238,        66,       165,       370
        20,       647,       286,       235,        63,       135,       365
        20,       638,       277,       238,        61,       123,       385
        20,       665,       304,       241,        65,       165,       355
        20,       746,       385,       241,        64,       102,       350
        20,       722,       361,       241,        63,       144,       360
        20,       635,       274,       241,        65,       147,       400
        20,       671,       310,       244,        67,       135,       375
        20,       599,       238,       232,        64,       204,       375
        20,       677,       316,       238,        64,       165,       360
        20,       632,       271,       232,        67,       147,       395
        20,       713,       352,       247,        65,       117,       365
        20,       587,       226,       232,        64,       147,       410
        20,       713,       352,       247,        59,       165,       355
        20,       683,       322,       247,        64,       147,       420
        20,       668,       307,       244,        66,       141,       380
        20,       635,       274,       244,        66,       108,       380
        20,       617,       256,       232,        67,       165,       395
        20,       632,       271,       244,        57,       108,       375
        20,       650,       289,       238,        62,       138,       365
        20,       587,       226,       238,        61,       126,       410
        20,       767,       406,       235,        67,       174,       365
        20,       686,       325,       241,        62,       165,       380
        20,       632,       271,       238,        61,       123,       390
        20,       764,       403,       241,        62,       117,       365
        20,       671,       310,       238,        62,       174,       380
        20,       701,       340,       241,        62,       132,       375
        20,       638,       277,       238,        65,       129,       390
        20,       647,       286,       229,        62,       114,       400
        20,       629,       268,       235,        64,        96,       390
        20,       752,       391,       244,        65,       123,       380
        20,       734,       373,       244,        62,        99,       360
        20,       650,       289,       235,        69,       126,       385
        20,       638,       277,       244,        67,       168,       375
        20,       668,       307,       238,        66,       156,       375
        20,       596,       235,       244,        64,       201,       390
        20,       647,       286,       247,        65,       165,       375
        20,       731,       370,       241,        64,       135,       370
        20,       731,       370,       235,        59,       132,       380
        20,       707,       346,       241,        59,       111,       375
        20,       725,       364,       235,        64,       171,       375
        20,       725,       364,       238,        64,       117,       370
        20,       686,       325,       244,        65,       144,       395
        20,       653,       292,       232,        61,       141,       375
        20,       668,       307,       232,        66,       153,       360
        20,       656,       295,       238,        63,       186,       375
        20,       674,       313,       238,        61,       135,       375
        20,       719,       358,       241,        59,       132,       380
        20,       575,       214,       244,        60,       120,       415
        20,       611,       250,       232,        61,       180,       390
        20,       674,       313,       247,        62,       123,       345
        20,       671,       310,       247,        65,       129,       385
        20,       689,       328,       241,        63,       135,       385
        20,       674,       313,       232,        63,       150,       360
        20,       683,       322,       235,        63,       156,       375
        20,       746,       385,       238,        67,       156,       375
        20,       698,       337,       238,        67,       123,       355
        20,       647,       286,       238,        60,       114,       375
        20,       635,       274,       241,        65,       153,       405
        20,       713,       352,       241,        65,       126,       360
        20,       671,       310,       232,        62,       114,       365
        20,       740,       379,       241,        55,       126,       380
        20,       644,       283,       241,        66,       156,       340
        20,       620,       259,       232,        66,       156,       400
        20,       620,       259,       232,        62,       150,       395
        20,       686,       325,       235,        61,       132,       390
        20,       626,       265,       238,        55,       129,       370
        20,       758,       397,       238,        64,        99,       375
        20,       701,       340,       241,        64,       159,       355
        20,       644,       283,       238,        66,       132,       395
        20,       698,       337,       244,        64,       108,       375
        20,       671,       310,       238,        65,       156,       385
        20,       641,       280,       229,        56,       120,       385
        20,       650,       289,       238,        64,       162,       375
        20,       641,       280,       241,        66,       105,       400
        20,       659,       298,       232,        64,       111,       365
        20,       689,       328,       229,        65,       102,       380
        20,       656,       295,       238,        65,       156,       385
        20,       680,       319,       238,        67,       120,       380
        20,       701,       340,       241,        65,       147,       385
        20,       560,       199,       238,        65,       186,       405
        20,       710,       349,       229,        66,       114,       380
        20,       665,       304,       241,        67,       132,       360
        20,       725,       364,       238,        65,       159,       370
        20,       665,       304,       241,        64,       132,       400
        30,      1659,       818,       516,       110,       279,       590
        30,      1566,       725,       510,       114,       306,       640
        30,      1473,       632,       507,       108,       231,       655
        30,      1563,       722,       522,       111,       231,       625
        30,      1515,       674,       510,       112,       270,       670
        30,      1575,       734,       519,       114,       312,       630
        30,      1650,       809,       501,       109,       249,       635
        30,      1551,       710,       513,       109,       300,       675
        30,      1545,       704,       507,       115,       222,       655
        30,      1557,       716,       516,       116,       249,       655
        30,      1536,       695,       510,       114,       222,       655
        30,      1632,       791,       501,       113,       252,       610
        30,      1659,       818,       507,       117,       216,       645
        30,      1548,       707,       507,       114,       186,       665
        30,      1614,       773,       513,       107,       189,       635
        30,      1470,       629,       519,       113,       156,       665
        30,      1461,       620,       504,       113,       261,       645
        30,      1473,       632,       510,       111,       213,       640
        30,      1440,       599,       513,       111,       273,       675
        30,      1515,       674,       513,       107,       195,       650
        30,      1503,       662,       513,       112,       297,       630
        30,      1401,       560,       510,       111,       378,       650
        30,      1506,       665,       504,       112,       252,       665
        30,      1632,       791,       516,       108,       192,       660
        30,      1581,       740,       519,       106,       348,       610
        30,      1707,       866,       513,       115,       288,       635
        30,      1425,       584,       513,       109,       207,       655
        30,      1434,       593,       513,       111,       249,       655
        30,      1608,       767,       513,       112,       213,       645
        30,      1485,       644,       510,       110,       255,       675
        30,      1473,       632,       519,       110,       216,       635
        30,      1407,       566,       516,       108,       282,       670
        30,      1353,       512,       510,       117,       192,       640
        30,      1464,       623,       510,       110,       249,       650
        30,      1488,       647,       519,       113,       279,       685
        30,      1566,       725,       504,       109,       273,       620
        30,      1449,       608,       507,       108,       198,       655
        30,      1527,       686,       513,       109,       237,       640
        30,      1446,       605,       516,       111,       222,       665
        30,      1431,       590,       507,       110,       297,       650
        30,      1590,       749,       516,       112,       243,       630
        30,      1443,       602,       510,       108,       219,       655
        30,      1596,       755,       510,       109,       210,       635
        30,      1452,       611,       507,       116,       231,       645
        30,      1650,       809,       507,       110,       228,       665
        30,      1437,       596,       519,       113,       210,       690
        30,      1344,       503,       507,       109,       333,       660
        30,      1440,       599,       519,       113,       222,       675
        30,      1506,       665,       513,       114,       180,       665
        30,      1413,       572,       516,       112,       276,       695
        30,      1602,       761,       513,       112,       297,       625
        30,      1461,       620,       516,       111,       294,       670
        30,      1479,       638,       513,       115,       273,       635
        30,      1515,       674,       513,       115,       183,       645
        30,      1653,       812,       513,       109,       216,       620
        30,      1452,       611,       513,       112,       240,       675
        30,      1548,       707,       516,       111,       294,       665
        30,      1569,       728,       510,       110,       216,       650
        30,      1455,       614,       507,       109,       210,       660
        30,      1617,       776,       519,       109,       297,       650
        30,      1578,       737,       510,       115,       237,       630
        30,      1548,       707,       510,       111,       255,       675
        30,      1515,       674,       510,       112,       237,       655
        30,      1359,       518,       507,       112,       411,       645
        30,      1560,       719,       504,       109,       228,       660
        30,      1536,       695,       513,       115,       255,       635
        30,      1419,       578,       504,       112,       300,       660
        30,      1614,       773,       507,       111,       198,       640
        30,      1560,       719,       510,       111,       231,       655
        30,      1494,       653,       513,       110,       234,       670
        30,      1350,       509,       513,       106,       264,       640
        30,      1416,       575,       510,       113,       183,       670
        30,      1410,       569,       513,       108,       231,       635
        30,      1584,       743,       519,       111,       300,       595
        30,      1380,       539,       504,       116,       252,       650
        30,      1479,       638,       516,       111,       291,       660
        30,      1515,       674,       516,       114,       294,       655
        30,      1467,       626,       519,       110,       456,       640
        30,      1605,       764,       519,       110,       243,       625
        30,      1563,       722,       510,       111,       261,       650
        30,      1428,       587,       516,       114,       291,       610
        30,      1464,       623,       513,       115,       222,       630
        30,      1353,       512,       510,       110,       300,       660
        30,      1395,       554,       507,       114,       249,       670
        30,      1581,       740,       510,       116,       282,       650
        30,      1440,       599,       522,       112,       228,       620
        30,      1593,       752,       510,       112,       171,       670
        30,      1515,       674,       516,       109,       186,       640
        30,      1494,       653,       510,       114,       300,       675
        30,      1515,       674,       516,       107,       210,       670
        30,      1542,       701,       513,       108,       201,       645
        30,      1617,       776,       522,       114,       198,       650
        30,      1581,       740,       516,       106,       234,       650
        30,      1539,       698,       513,       110,       288,       650
        30,      1506,       665,       510,       113,       222,       675
        30,      1425,       584,       516,       112,       231,       645
        30,      1638,       797,       516,       115,       180,       655
        30,      1563,       722,       519,       112,       234,       650
        30,      1512,       671,       519,       110,       219,       665
        30,      1512,       671,       513,       109,       216,       655
        30,      1668,       827,       516,       111,       213,       620
        30,      1551,       710,       510,       116,       222,       635
        30,      1521,       680,       516,       107,       228,       645
        30,      1404,       563,       516,       113,       360,       625
        30,      1482,       641,       507,       109,       285,       635
        30,      1485,       644,       510,       113,       201,       640
        30,      1446,       605,       507,       116,       213,       660
        30,      1485,       644,       522,       111,       237,       650
        30,      1545,       704,       510,       109,       315,       650
        30,      1551,       710,       513,       113,       324,       650
        40,      2922,      1401,       891,       162,       324,       925
        40,      2625,      1104,       879,       169,       243,       970
        40,      2676,      1155,       885,       159,       357,       955
        40,      2631,      1110,       882,       163,       369,       975
        40,      2598,      1077,       894,       164,       348,       955
        40,      2994,      1473,       885,       161,       273,       915
        40,      2826,      1305,       891,       173,       282,       950
        40,      2427,       906,       879,       165,       357,       965
        40,      2670,      1149,       888,       162,       312,       905
        40,      2838,      1317,       885,       168,       309,       955
        40,      2826,      1305,       879,       169,       264,       930
        40,      2649,      1128,       882,       169,       291,       940
        40,      2664,      1143,       891,       161,       510,       965
        40,      2865,      1344,       891,       168,       327,       950
        40,      2541,      1020,       879,       166,       462,       955
        40,      2478,       957,       888,       159,       321,       965
        40,      2529,      1008,       888,       161,       294,       955
        40,      2778,      1257,       885,       170,       390,       955
        40,      2868,      1347,       894,       168,       303,       915
        40,      2574,      1053,       891,       168,       372,       945
        40,      2856,      1335,       894,       169,       363,       945
        40,      2490,       969,       885,       167,       327,       940
        40,      2841,      1320,       888,       165,       429,       925
        40,      2673,      1152,       888,       166,       312,       925
        40,      2712,      1191,       891,       164,       330,       955
        40,      2541,      1020,       891,       161,       453,       950
        40,      2700,      1179,       888,       163,       387,       930
        40,      2718,      1197,       891,       161,       405,       945
        40,      2835,      1314,       885,       163,       360,       945
        40,      2670,      1149,       879,       163,       402,       950
        40,      2805,      1284,       882,       168,       411,       950
        40,      2970,      1449,       891,       165,       339,       920
        40,      2835,      1314,       888,       163,       366,       945
        40,      2643,      1122,       885,       164,       321,       970
        40,      2943,      1422,       885,       169,       426,       910
        40,      2904,      1383,       897,       165,       339,       935
        40,      2625,      1104,       876,       166,       375,       955
        40,      2742,      1221,       885,       166,       312,       945
        40,      2736,      1215,       888,       166,       405,       925
        40,      2928,      1407,       891,       161,       369,       915
        40,      2520,       999,       885,       158,       483,       970
        40,      2589,      1068,       885,       164,       399,       950
        40,      2493,       972,       882,       159,       486,      1020
        40,      2745,      1224,       882,       168,       363,       910
        40,      2658,      1137,       888,       166,       321,       950
        40,      2598,      1077,       885,       159,       414,       930
        40,      2766,      1245,       891,       170,       306,       950
        40,      2847,      1326,       885,       166,       381,       950
        40,      2640,      1119,       885,       163,       384,       935
        40,      2598,      1077,       891,       162,       366,       960
        40,      2712,      1191,       891,       162,       306,       930
        40,      2619,      1098,       891,       168,       432,       945
        40,      2694,      1173,       885,       167,       396,       970
        40,      2838,      1317,       885,       161,       330,       935
        40,      2649,      1128,       888,       169,       300,       940
        40,      2997,      1476,       888,       165,       342,       920
        40,      2595,      1074,       882,       165,       309,       970
        40,      2709,      1188,       885,       168,       408,       940
        40,      2862,      1341,       888,       168,       276,       960
        40,      2487,       966,       885,       165,       378,      1010
        40,      2676,      1155,       885,       165,       348,       950
        40,      2709,      1188,       891,       167,       378,       915
        40,      2637,      1116,       879,       166,       300,       980
        40,      2805,      1284,       879,       170,       402,       915
        40,      2646,      1125,       888,       161,       279,       965
        40,      2826,      1305,       888,       167,       270,       960
        40,      2880,      1359,       891,       167,       342,       950
        40,      2772,      1251,       885,       162,       348,       940
        40,      2718,      1197,       879,       167,       285,       920
        40,      2838,      1317,       888,       167,       405,       920
        40,      2715,      1194,       888,       156,       345,       930
        40,      2709,      1188,       891,       167,       249,       930
        40,      2688,      1167,       897,       163,       360,       935
        40,      2799,      1278,       885,       164,       321,       935
        40,      2589,      1068,       891,       167,       414,       970
        40,      2463,       942,       891,       159,       423,       960
        40,      2895,      1374,       891,       167,       342,       965
        40,      2751,      1230,       885,       166,       315,       950
        40,      2856,      1335,       891,       165,       351,       940
        40,      2580,      1059,       891,       161,       486,       955
        40,      2658,      1137,       891,       162,       363,       940
        40,      2556,      1035,       888,       165,       426,       985
        40,      2811,      1290,       885,       162,       288,       940
        40,      2640,      1119,       891,       161,       363,       965
        40,      2886,      1365,       888,       162,       408,       950
        40,      2733,      1212,       894,       164,       366,       905
        40,      2697,      1176,       897,       161,       318,       930
        40,      2553,      1032,       882,       166,       372,       955
        40,      2850,      1329,       894,       167,       303,       965
        40,      2802,      1281,       894,       169,       369,       910
        40,      2718,      1197,       876,       168,       477,       940
        40,      2796,      1275,       885,       168,       363,       945
        40,      2703,      1182,       888,       171,       351,       945
        40,      3090,      1569,       891,       171,       291,       915
        40,      2751,      1230,       882,       165,       321,       940
        40,      2424,       903,       888,       166,       282,       950
        40,      2643,      1122,       894,       165,       288,       935
        40,      2577,      1056,       891,       161,       411,       960
        40,      2544,      1023,       888,       158,       282,       955
        40,      2628,      1107,       885,       161,       315,       965
        40,      2766,      1245,       897,       169,       309,       965
        40,      2802,      1281,       894,       165,       339,       935
        40,      2586,      1065,       882,       164,       351,       955
        40,      2802,      1281,       885,       161,       384,       925
        40,      2448,       927,       879,       160,       369,      1000
        40,      2784,      1263,       897,       166,       438,       955
        40,      2901,      1380,       888,       164,       330,       920
        40,      2688,      1167,       879,       169,       318,       955
        40,      2655,      1134,       885,       166,       315,       975
        40,      2922,      1401,       894,       168,       468,       935
        50,      4187,      1786,      1363,       226,       390,      1295
        50,      4331,      1930,      1366,       224,       408,      1270
        50,      4358,      1957,      1369,       221,       540,      1230
        50,      4235,      1834,      1357,       218,       516,      1275
        50,      4250,      1849,      1354,       220,       399,      1265
        50,      4127,      1726,      1366,       228,       513,      1260
        50,      4550,      2149,      1363,       221,       405,      1230
        50,      4250,      1849,      1354,       225,       366,      1260
        50,      4136,      1735,      1363,       220,       441,      1275
        50,      4151,      1750,      1363,       222,       672,      1245
        50,      4322,      1921,      1363,       226,       339,      1245
        50,      4340,      1939,      1351,       220,       411,      1285
        50,      4412,      2011,      1369,       225,       471,      1290
        50,      4139,      1738,      1363,       216,       480,      1280
        50,      4100,      1699,      1348,       221,       447,      1225
        50,      4079,      1678,      1360,       214,       732,      1255
        50,      4475,      2074,      1354,       216,       459,      1240
        50,      3947,      1546,      1366,       220,       462,      1260
        50,      4013,      1612,      1357,       223,       471,      1280
        50,      4415,      2014,      1360,       226,       501,      1225
        50,      4250,      1849,      1357,       224,       465,      1270
        50,      4148,      1747,      1363,       214,       687,      1250
        50,      4424,      2023,      1366,       221,       555,      1280
        50,      4220,      1819,      1357,       219,       435,      1325
        50,      4034,      1633,      1360,       221,       387,      1265
        50,      3707,      1306,      1357,       213,       471,      1260
        50,      4202,      1801,      1354,       217,       420,      1240
        50,      4430,      2029,      1354,       215,       519,      1255
        50,      4223,      1822,      1363,       227,       420,      1240
        50,      4640,      2239,      1363,       221,       417,      1200
        50,      4322,      1921,      1363,       222,       588,      1240
        50,      4553,      2152,      1366,       225,       510,      1225
        50,      4304,      1903,      1360,       222,       495,      1260
        50,      4313,      1912,      1369,       223,       459,      1245
        50,      4508,      2107,      1360,       225,       420,      1235
        50,      4211,      1810,      1360,       213,       426,      1280
        50,      4388,      1987,      1366,       221,       447,      1240
        50,      4229,      1828,      1366,       227,       516,      1265
        50,      4181,      1780,      1357,       216,       594,      1240
        50,      4193,      1792,      1369,       225,       639,      1240
        50,      4682,      2281,      1360,       226,       579,      1235
        50,      4037,      1636,      1342,       217,       738,      1260
        50,      4379,      1978,      1345,       221,       471,      1230
        50,      4484,      2083,      1357,       216,       429,      1205
        50,      4196,      1795,      1363,       222,       612,      1205
        50,      4376,      1975,      1354,       218,       366,      1240
        50,      4070,      1669,      1360,       223,       390,      1250
        50,      4271,      1870,      1366,       224,       414,      1275
        50,      4211,      1810,      1363,       216,       555,      1260
        50,      4412,      2011,      1363,       223,       450,      1265
        50,      4151,      1750,      1363,       222,       636,      1270
        50,      3965,      1564,      1360,       227,       504,      1295
        50,      4433,      2032,      1366,       221,       393,      1230
        50,      4529,      2128,      1360,       219,       516,      1225
        50,      4256,      1855,      1366,       221,       435,      1275
        50,      4151,      1750,      1360,       223,       405,      1280
        50,      4088,      1687,      1369,       220,       423,      1255
        50,      4292,      1891,      1360,       224,       420,      1270
        50,      4376,      1975,      1360,       228,       444,      1270
        50,      3935,      1534,      1360,       219,       450,      1310
        50,      4514,      2113,      1363,       223,       327,      1255
        50,      4184,      1783,      1366,       224,       489,      1255
        50,      4460,      2059,      1363,       226,       465,      1230
        50,      4043,      1642,      1363,       225,       399,      1230
        50,      4052,      1651,      1363,       225,       372,      1280
        50,      4508,      2107,      1363,       218,       423,      1270
        50,      4262,      1861,      1363,       223,       483,      1275
        50,      4184,      1783,      1366,       228,       528,      1245
        50,      4055,      1654,      1357,       220,       453,      1270
        50,      3977,      1576,      1366,       227,       471,      1275
        50,      4592,      2191,      1366,       226,       510,      1235
        50,      3791,      1390,      1357,       221,       489,      1310
        50,      4355,      1954,      1360,       224,       498,      1250
        50,      3992,      1591,      1348,       224,       405,      1280
        50,      4259,      1858,      1369,       226,       423,      1255
        50,      4601,      2200,      1360,       220,       438,      1215
        50,      4700,      2299,      1357,       219,       546,      1200
        50,      4349,      1948,      1360,       222,       522,      1225
        50,      4331,      1930,      1360,       223,       408,      1280
        50,      4490,      2089,      1372,       225,       507,      1235
        50,      4280,      1879,      1357,       228,       378,      1330
        50,      4262,      1861,      1357,       228,       360,      1270
        50,      4394,      1993,      1363,       216,       402,      1285
        50,      4253,      1852,      1351,       219,       441,      1235
        50,      4400,      1999,      1360,       226,       378,      1240
        50,      4211,      1810,      1366,       218,       585,      1250
        50,      4136,      1735,      1360,       219,       447,      1275
        50,      4046,      1645,      1354,       219,       462,      1275
        50,      4145,      1744,      1366,       223,       489,      1260
        50,      4181,      1780,      1351,       218,       531,      1315
        50,      4199,      1798,      1366,       219,       633,      1275
        50,      4307,      1906,      1366,       216,       564,      1260
        50,      4382,      1981,      1366,       224,       483,      1250
        50,      4169,      1768,      1354,       223,       414,      1245
        50,      4040,      1639,      1363,       222,       477,      1290
        50,      4238,      1837,      1366,       221,       531,      1315
        50,      4100,      1699,      1363,       218,       612,      1310
        50,      3989,      1588,      1357,       224,       435,      1270
        50,      4286,      1885,      1360,       227,       486,      1290
        50,      4163,      1762,      1360,       217,       402,      1255
        50,      4064,      1663,      1351,       225,       486,      1245
        50,      4088,      1687,      1360,       214,       564,      1235
        50,      4340,      1939,      1357,       221,       471,      1235
        50,      4058,      1657,      1357,       221,       372,      1290
        50,      4088,      1687,      1357,       217,       372,      1300
        50,      4331,      1930,      1360,       223,       465,      1245
        50,      4184,      1783,      1357,       226,       339,      1280
        50,      3974,      1573,      1369,       221,       513,      1300
        50,      4103,      1702,      1357,       214,       318,      1250
        50,      4445,      2044,      1360,       219,       411,      1275
        60,      6000,      2519,      1938,       280,       750,      1575
        60,      6702,      3221,      1938,       286,       582,      1575
        60,      6246,      2765,      1938,       282,       558,      1585
        60,      6024,      2543,      1941,       282,       519,      1640
        60,      6558,      3077,      1935,       288,       504,      1550
        60,      6780,      3299,      1947,       270,       621,      1540
        60,      6084,      2603,      1938,       285,       831,      1600
        60,      6333,      2852,      1941,       281,       633,      1565
        60,      6237,      2756,      1944,       281,       480,      1570
        60,      6114,      2633,      1932,       277,       561,      1575
        60,      6027,      2546,      1932,       280,       372,      1605
        60,      6468,      2987,      1938,       279,       597,      1580
        60,      6216,      2735,      1932,       275,       717,      1555
        60,      6189,      2708,      1941,       282,       549,      1570
        60,      6030,      2549,      1932,       282,       582,      1605
        60,      5637,      2156,      1941,       278,       513,      1610
        60,      6228,      2747,      1932,       282,       591,      1585
        60,      6483,      3002,      1941,       287,       516,      1545
        60,      5982,      2501,      1941,       279,       708,      1615
        60,      6354,      2873,      1935,       281,       549,      1525
        60,      6309,      2828,      1941,       279,       609,      1550
        60,      6021,      2540,      1926,       284,       699,      1530
        60,      5784,      2303,      1935,       279,       903,      1590
        60,      6489,      3008,      1929,       276,       606,      1540
        60,      6366,      2885,      1938,       285,       687,      1575
        60,      6369,      2888,      1929,       284,       576,      1545
        60,      6471,      2990,      1935,       281,       459,      1595
        60,      6060,      2579,      1935,       273,       477,      1565
        60,      6147,      2666,      1935,       284,       585,      1570
        60,      5976,      2495,      1938,       278,       633,      1575
        60,      5763,      2282,      1941,       281,       537,      1635
        60,      5991,      2510,      1938,       280,       417,      1655
        60,      6321,      2840,      1932,       287,       546,      1565
        60,      6099,      2618,      1935,       284,       753,      1600
        60,      6612,      3131,      1932,       279,       609,      1565
        60,      6141,      2660,      1938,       277,       600,      1555
        60,      5868,      2387,      1938,       282,       570,      1605
        60,      6294,      2813,      1944,       279,       795,      1545
        60,      5832,      2351,      1941,       277,       522,      1545
        60,      6201,      2720,      1938,       283,       489,      1590
        60,      6048,      2567,      1941,       274,       699,      1625
        60,      6081,      2600,      1920,       283,       570,      1595
        60,      6132,      2651,      1929,       281,       492,      1585
        60,      6384,      2903,      1932,       284,       546,      1565
        60,      6012,      2531,      1929,       286,       603,      1590
        60,      5901,      2420,      1932,       283,       615,      1565
        60,      6192,      2711,      1926,       285,       573,      1570
        60,      5472,      1991,      1935,       280,       573,      1585
        60,      6009,      2528,      1929,       286,       627,      1595
        60,      6129,      2648,      1935,       281,       621,      1590
        60,      6723,      3242,      1938,       272,       483,      1560
        60,      5925,      2444,      1935,       283,       705,      1595
        60,      5994,      2513,      1944,       280,       627,      1600
        60,      5769,      2288,      1932,       282,       516,      1595
        60,      6012,      2531,      1941,       276,       726,      1605
        60,      6687,      3206,      1926,       277,       603,      1545
        60,      6186,      2705,      1944,       286,       636,      1595
        60,      6378,      2897,      1941,       285,       687,      1560
        60,      6261,      2780,      1941,       280,       642,      1590
        60,      6216,      2735,      1938,       284,       516,      1580
        60,      6423,      2942,      1932,       277,       510,      1515
        60,      6228,      2747,      1944,       284,       516,      1590
        60,      6150,      2669,      1932,       285,       888,      1580
        60,      6084,      2603,      1926,       280,       618,      1610
        60,      6231,      2750,      1929,       283,       594,      1610
        60,      5931,      2450,      1923,       282,       765,      1585
        60,      6375,      2894,      1941,       276,       618,      1560
        60,      5721,      2240,      1944,       282,       492,      1605
        60,      5889,      2408,      1938,       273,       528,      1615
        60,      6285,      2804,      1938,       291,       657,      1565
        60,      6084,      2603,      1941,       284,       501,      1610
        60,      6120,      2639,      1935,       286,       597,      1615
        60,      6555,      3074,      1932,       282,       498,      1490
        60,      6576,      3095,      1938,       286,       534,      1550
        60,      5895,      2414,      1935,       286,       828,      1630
        60,      6237,      2756,      1944,       280,       567,      1590
        60,      5928,      2447,      1935,       286,       708,      1590
        60,      6219,      2738,      1938,       284,       783,      1535
        60,      6018,      2537,      1938,       282,       621,      1565
        60,      6036,      2555,      1929,       282,       555,      1610
        60,      6477,      2996,      1929,       285,       591,      1560
        60,      5871,      2390,      1920,       283,       558,      1630
        60,      5802,      2321,      1932,       282,       819,      1605
        60,      6003,      2522,      1941,       287,       492,      1610
        60,      5994,      2513,      1935,       281,       549,      1585
        60,      6381,      2900,      1935,       280,       582,      1570
        60,      5865,      2384,      1938,       282,       555,      1585
        60,      5871,      2390,      1941,       282,       645,      1580
        60,      6306,      2825,      1929,       282,       498,      1565
        60,      6207,      2726,      1935,       281,       549,      1580
        60,      6189,      2708,      1929,       285,       639,      1560
        60,      6096,      2615,      1932,       287,       723,      1580
        60,      6144,      2663,      1938,       284,       441,      1580
        60,      6630,      3149,      1938,       281,       504,      1530
        60,      6354,      2873,      1926,       281,       480,      1590
        60,      6120,      2639,      1938,       287,       618,      1585
        60,      6354,      2873,      1935,       283,       687,      1545
        60,      6534,      3053,      1938,       281,       555,      1575
        60,      6477,      2996,      1941,       280,       618,      1540
        60,      5904,      2423,      1935,       282,       612,      1625
        60,      6174,      2693,      1935,       282,       624,      1555
        60,      6021,      2540,      1926,       284,       501,      1580
        60,      6165,      2684,      1932,       286,       513,      1620
        60,      6405,      2924,      1920,       285,       504,      1535
        60,      6540,      3059,      1938,       280,       468,      1555
        60,      6201,      2720,      1932,       280,       624,      1560
        60,      6255,      2774,      1929,       281,       558,      1575
        60,      6120,      2639,      1947,       281,       540,      1565
        60,      5976,      2495,      1935,       281,       615,      1620
        60,      6246,      2765,      1941,       276,       537,      1545
        70,      8829,      4068,      2619,       339,       750,      1905
        70,      8364,      3603,      2613,       342,       636,      1940
        70,      8802,      4041,      2616,       350,       729,      1895
        70,      8466,      3705,      2613,       349,       744,      1880
        70,      8385,      3624,      2604,       342,       804,      1935
        70,      8343,      3582,      2607,       343,       687,      1940
        70,      8601,      3840,      2613,       341,       576,      1915
        70,      8619,      3858,      2610,       343,       702,      1895
        70,      8676,      3915,      2613,       348,       543,      1915
        70,      8646,      3885,      2607,       341,       801,      1920
        70,      8199,      3438,      2610,       348,       816,      1930
        70,      8757,      3996,      2604,       350,       645,      1935
        70,      8358,      3597,      2613,       346,       747,      1950
        70,      8640,      3879,      2607,       351,       780,      1945
        70,      8469,      3708,      2610,       341,       633,      1915
        70,      8433,      3672,      2613,       347,       699,      1910
        70,      8649,      3888,      2607,       338,       558,      1925
        70,      8043,      3282,      2601,       335,       771,      1950
        70,      7896,      3135,      2601,       344,       663,      1865
        70,      8178,      3417,      2598,       348,       723,      1980
        70,      8124,      3363,      2610,       346,       639,      1940
        70,      8145,      3384,      2610,       336,       864,      1865
        70,      8715,      3954,      2613,       343,       792,      1890
        70,      8634,      3873,      2610,       339,       798,      1845
        70,      8319,      3558,      2616,       346,       873,      1915
        70,      7941,      3180,      2601,       346,       789,      1940
        70,      8217,      3456,      2601,       344,       783,      1955
        70,      8925,      4164,      2613,       340,       771,      1875
        70,      8130,      3369,      2604,       343,       795,      1895
        70,      8583,      3822,      2610,       345,       546,      1945
        70,      8286,      3525,      2610,       350,       597,      1935
        70,      8718,      3957,      2607,       347,       780,      1885
        70,      8094,      3333,      2610,       341,       681,      1965
        70,      8268,      3507,      2613,       344,       627,      1935
        70,      8589,      3828,      2610,       344,       603,      1925
        70,      8331,      3570,      2601,       342,       603,      1950
        70,      8877,      4116,      2607,       342,       960,      1900
        70,      8304,      3543,      2616,       343,       690,      1895
        70,      8709,      3948,      2607,       339,       765,      1890
        70,      8223,      3462,      2610,       338,       780,      1955
        70,      8880,      4119,      2598,       347,       789,      1880
        70,      7989,      3228,      2607,       341,       819,      1930
        70,      8406,      3645,      2613,       342,       687,      1915
        70,      8538,      3777,      2613,       351,       663,      1965
        70,      8205,      3444,      2616,       337,       612,      1905
        70,      7989,      3228,      2616,       336,       717,      1955
        70,      9012,      4251,      2613,       350,       672,      1905
        70,      8406,      3645,      2616,       342,       723,      1915
        70,      8562,      3801,      2616,       348,       756,      1915
        70,      8616,      3855,      2610,       346,       732,      1890
        70,      8517,      3756,      2604,       341,       798,      1895
        70,      8145,      3384,      2610,       341,       744,      1950
        70,      8517,      3756,      2610,       338,       852,      1915
        70,      8133,      3372,      2607,       339,       639,      1905
        70,      8523,      3762,      2613,       345,       714,      1950
        70,      8277,      3516,      2601,       341,       861,      1930
        70,      8583,      3822,      2610,       344,       729,      1900
        70,      8562,      3801,      2619,       349,       675,      1875
        70,      8658,      3897,      2613,       338,       684,      1950
        70,      8724,      3963,      2616,       341,       648,      1935
        70,      8514,      3753,      2613,       345,       768,      1915
        70,      8412,      3651,      2613,       348,       783,      1940
        70,      8859,      4098,      2613,       340,       621,      1880
        70,      8313,      3552,      2616,       341,       576,      1915
        70,      8460,      3699,      2616,       341,       825,      1895
        70,      8412,      3651,      2616,       345,       624,      1945
        70,      8202,      3441,      2622,       351,       594,      1970
        70,      8646,      3885,      2604,       340,       642,      1900
        70,      8415,      3654,      2616,       341,       594,      1980
        70,      8208,      3447,      2613,       345,       738,      1905
        70,      8487,      3726,      2604,       348,       768,      1945
        70,      8199,      3438,      2607,       350,       711,      1925
        70,      8265,      3504,      2601,       348,       795,      1925
        70,      8238,      3477,      2592,       343,       678,      1960
        70,      8232,      3471,      2613,       347,       903,      1950
        70,      8493,      3732,      2607,       349,       786,      1925
        70,      8163,      3402,      2598,       334,       543,      1900
        70,      8322,      3561,      2613,       342,       810,      1920
        70,      8154,      3393,      2613,       341,       708,      1975
        70,      8190,      3429,      2607,       342,       705,      1935
        70,      8274,      3513,      2613,       345,       699,      1960
        70,      8610,      3849,      2610,       339,       678,      1900
        70,      8904,      4143,      2613,       334,       831,      1905
        70,      8202,      3441,      2610,       335,       666,      1900
        70,      8589,      3828,      2619,       346,       744,      1940
        70,      8673,      3912,      2613,       343,       801,      1870
        70,      8421,      3660,      2601,       351,       702,      1925
        70,      8271,      3510,      2616,       331,       921,      1925
        70,      9132,      4371,      2610,       335,       675,      1895
        70,      8415,      3654,      2607,       345,       657,      1935
        70,      8937,      4176,      2604,       346,       708,      1865
        70,      8364,      3603,      2613,       348,       615,      1885
        70,      8136,      3375,      2613,       340,       621,      1920
        70,      8562,      3801,      2610,       346,       645,      1950
        70,      8769,      4008,      2610,       346,       699,      1910
        70,      8187,      3426,      2607,       347,       660,      1910
        70,      8643,      3882,      2616,       343,       633,      1910
        70,      8373,      3612,      2613,       348,       663,      1945
        70,      8385,      3624,      2616,       338,       786,      1910
        70,      8355,      3594,      2604,       348,       717,      1895
        70,      8241,      3480,      2604,       346,       558,      1975
        70,      8454,      3693,      2613,       347,       828,      1955
        70,      8658,      3897,      2604,       349,       621,      1935
        70,      8595,      3834,      2598,       341,       870,      1895
        70,      8460,      3699,      2616,       337,       660,      1930
        70,      8124,      3363,      2613,       350,       882,      1920
        70,      8025,      3264,      2607,       340,       681,      1935
        70,      8079,      3318,      2607,       346,       705,      1950
        70,      8784,      4023,      2610,       347,       642,      1860
        70,      8622,      3861,      2607,       348,       717,      1905
        80,     10451,      4210,      3376,       407,       843,      2255
        80,     11405,      5164,      3391,       402,       954,      2225
        80,     11012,      4771,      3385,       410,       642,      2240
        80,     11024,      4783,      3385,       406,       762,      2200
        80,     10178,      3937,      3379,       405,       753,      2225
        80,     11399,      5158,      3376,       413,       666,      2255
        80,     11444,      5203,      3382,       408,      1221,      2245
        80,     10796,      4555,      3388,       408,       792,      2270
        80,     11300,      5059,      3373,       404,       753,      2265
        80,     10691,      4450,      3385,       411,       648,      2325
        80,     10703,      4462,      3385,       408,       969,      2295
        80,     11240,      4999,      3364,       415,       777,      2310
        80,     10916,      4675,      3391,       409,       711,      2300
        80,     11345,      5104,      3382,       408,       828,      2215
        80,     10733,      4492,      3382,       410,      1098,      2335
        80,     10646,      4405,      3388,       409,      1002,      2280
        80,     11036,      4795,      3382,       407,       627,      2280
        80,     11162,      4921,      3388,       409,       918,      2285
        80,     11276,      5035,      3382,       406,       690,      2225
        80,     11180,      4939,      3379,       407,       981,      2310
        80,     11291,      5050,      3382,       412,       942,      2275
        80,     10727,      4486,      3376,       402,       819,      2260
        80,     11597,      5356,      3388,       405,       693,      2215
        80,     11591,      5350,      3379,       421,       885,      2275
        80,     11114,      4873,      3391,       410,       759,      2270
        80,     11111,      4870,      3394,       409,       969,      2300
        80,     10703,      4462,      3373,       415,       861,      2315
        80,     11408,      5167,      3385,       404,       663,      2255
        80,     11816,      5575,      3379,       407,       783,      2215
        80,     11639,      5398,      3385,       407,       684,      2260
        80,     10556,      4315,      3391,       402,      1101,      2325
        80,     11159,      4918,      3370,       403,      1167,      2240
        80,     10922,      4681,      3388,       414,       945,      2325
        80,     11156,      4915,      3397,       414,       879,      2205
        80,     10955,      4714,      3379,       405,       747,      2305
        80,     10826,      4585,      3388,       407,       789,      2305
        80,     10856,      4615,      3385,       411,      1038,      2270
        80,     10958,      4717,      3379,       412,       834,      2265
        80,     11399,      5158,      3376,       408,      1227,      2285
        80,     11468,      5227,      3376,       403,      1083,      2250
        80,     10484,      4243,      3391,       413,       807,      2265
        80,     10790,      4549,      3382,       410,       711,      2335
        80,     10514,      4273,      3379,       409,       669,      2265
        80,     11003,      4762,      3385,       406,       807,      2245
        80,     11006,      4765,      3388,       416,       759,      2260
        80,     10823,      4582,      3370,       413,       780,      2285
        80,     11384,      5143,      3379,       411,       708,      2280
        80,     11168,      4927,      3382,       404,       894,      2250
        80,     11207,      4966,      3385,       408,       636,      2280
        80,     11225,      4984,      3382,       399,       960,      2225
        80,     11555,      5314,      3367,       407,       786,      2255
        80,     10463,      4222,      3382,       411,       657,      2290
        80,     11282,      5041,      3394,       408,       708,      2255
        80,     11186,      4945,      3376,       406,      1032,      2230
        80,     10418,      4177,      3373,       405,       831,      2270
        80,     10523,      4282,      3391,       408,       873,      2295
        80,     10562,      4321,      3376,       402,       864,      2310
        80,     11171,      4930,      3370,       410,       912,      2260
        80,     11159,      4918,      3391,       410,      1053,      2180
        80,     11063,      4822,      3379,       418,       678,      2270
        80,     11096,      4855,      3394,       407,      1005,      2240
        80,     11360,      5119,      3388,       416,       771,      2295
        80,     10580,      4339,      3385,       413,       894,      2280
        80,     10970,      4729,      3373,       406,       876,      2250
        80,     11195,      4954,      3394,       406,       723,      2260
        80,     11231,      4990,      3385,       404,       843,      2280
        80,     11648,      5407,      3379,       402,       819,      2225
        80,     11069,      4828,      3379,       402,       807,      2265
        80,     11186,      4945,      3376,       413,       813,      2220
        80,     10601,      4360,      3382,       415,       663,      2280
        80,     10679,      4438,      3382,       403,       936,      2310
        80,     11315,      5074,      3379,       410,      1116,      2285
        80,     10685,      4444,      3364,       406,       645,      2285
        80,     10973,      4732,      3376,       413,       807,      2235
        80,     11159,      4918,      3379,       403,       846,      2235
        80,     11279,      5038,      3391,       401,       786,      2270
        80,     10772,      4531,      3382,       401,       981,      2290
        80,     11228,      4987,      3391,       407,      1023,      2255
        80,     11078,      4837,      3382,       407,       867,      2325
        80,     10742,      4501,      3376,       415,       879,      2295
        80,     11624,      5383,      3388,       414,      1062,      2300
        80,     11198,      4957,      3385,       414,       723,      2315
        80,     11549,      5308,      3379,       408,       978,      2245
        80,     10928,      4687,      3373,       402,       843,      2235
        80,     11183,      4942,      3397,       415,       906,      2300
        80,     11207,      4966,      3385,       401,       774,      2230
        80,     10247,      4006,      3385,       404,       861,      2305
        80,     10727,      4486,      3394,       415,      1197,      2295
        80,     11615,      5374,      3376,       402,       924,      2235
        80,     11306,      5065,      3394,       408,       768,      2215
        80,     10616,      4375,      3391,       405,       864,      2285
        80,     10607,      4366,      3379,       410,       780,      2325
        80,     11528,      5287,      3385,       412,       732,      2235
        80,     10508,      4267,      3379,       411,       720,      2290
        80,     11318,      5077,      3391,       395,       816,      2235
        80,     10910,      4669,      3376,       414,       597,      2235
        80,     10634,      4393,      3391,       402,       657,      2270
        80,     11042,      4801,      3385,       400,       801,      2290
        80,     11480,      5239,      3379,       415,       711,      2245
        80,     10385,      4144,      3388,       405,      1083,      2290
        80,     11228,      4987,      3385,       406,       888,      2210
        80,     11426,      5185,      3397,       404,       921,      2245
        80,     11180,      4939,      3382,       401,       774,      2290
        80,     11039,      4798,      3388,       404,       735,      2265
        80,     10832,      4591,      3382,       420,       732,      2235
        80,     10844,      4603,      3385,       404,       792,      2240
        80,     11006,      4765,      3385,       413,       801,      2285
        80,     10604,      4363,      3382,       409,       801,      2280
        80,     11054,      4813,      3388,       412,       747,      2245
        80,     10724,      4483,      3379,       407,       675,      2315
        90,     14886,      6965,      4257,       475,      1008,      2580
        90,     14046,      6125,      4260,       475,      1044,      2650
        90,     13770,      5849,      4257,       470,      1050,      2645
        90,     15009,      7088,      4251,       474,      1164,      2590
        90,     13149,      5228,      4257,       485,       939,      2720
        90,     14202,      6281,      4269,       472,      1122,      2580
        90,     13863,      5942,      4260,       472,       963,      2625
        90,     13644,      5723,      4248,       477,      1008,      2615
        90,     14859,      6938,      4251,       471,       951,      2615
        90,     13977,      6056,      4266,       469,       924,      2645
        90,     14196,      6275,      4257,       483,       960,      2605
        90,     13626,      5705,      4269,       477,       897,      2625
        90,     13230,      5309,      4263,       482,       966,      2690
        90,     14046,      6125,      4254,       471,       939,      2665
        90,     13833,      5912,      4257,       484,       753,      2625
        90,     14748,      6827,      4254,       464,       918,      2610
        90,     13548,      5627,      4245,       462,       843,      2695
        90,     14127,      6206,      4257,       474,       921,      2600
        90,     14286,      6365,      4254,       475,      1200,      2635
        90,     14049,      6128,      4266,       478,       795,      2600
        90,     13689,      5768,      4263,       474,       897,      2640
        90,     14397,      6476,      4254,       474,      1128,      2630
        90,     13821,      5900,      4260,       473,       771,      2655
        90,     14391,      6470,      4260,       474,       972,      2605
        90,     14313,      6392,      4257,       469,      1038,      2655
        90,     13659,      5738,      4251,       477,       879,      2600
        90,     14313,      6392,      4251,       475,       957,      2645
        90,     14688,      6767,      4263,       478,       924,      2615
        90,     14154,      6233,      4263,       479,      1071,      2660
        90,     13299,      5378,      4254,       463,      1143,      2660
        90,     13824,      5903,      4251,       475,      1065,      2675
        90,     14493,      6572,      4263,       475,       867,      2560
        90,     14190,      6269,      4260,       475,       855,      2665
        90,     13311,      5390,      4269,       481,      1059,      2670
        90,     13485,      5564,      4257,       476,      1044,      2635
        90,     14022,      6101,      4257,       474,       870,      2655
        90,     14796,      6875,      4239,       480,       927,      2580
        90,     13431,      5510,      4254,       482,       864,      2670
        90,     13800,      5879,      4251,       472,       975,      2635
        90,     12993,      5072,      4251,       479,      1215,      2715
        90,     13122,      5201,      4257,       465,      1056,      2655
        90,     14187,      6266,      4263,       467,       813,      2545
        90,     14385,      6464,      4254,       473,       750,      2640
        90,     13167,      5246,      4257,       470,      1056,      2650
        90,     13734,      5813,      4263,       470,      1020,      2595
        90,     14640,      6719,      4263,       477,       822,      2615
        90,     13971,      6050,      4257,       463,       810,      2665
        90,     14367,      6446,      4251,       477,       897,      2585
        90,     13893,      5972,      4251,       482,       924,      2660
        90,     13455,      5534,      4248,       481,       927,      2675
        90,     13512,      5591,      4257,       461,       894,      2725
        90,     14139,      6218,      4266,       486,      1188,      2640
        90,     14292,      6371,      4257,       485,      1053,      2600
        90,     14235,      6314,      4257,       491,       960,      2625
        90,     14007,      6086,      4263,       473,      1032,      2595
        90,     14019,      6098,      4263,       467,      1023,      2685
        90,     14178,      6257,      4257,       472,      1020,      2615
        90,     13650,      5729,      4260,       478,       960,      2655
        90,     14223,      6302,      4254,       480,       831,      2655
        90,     13335,      5414,      4260,       472,      1152,      2670
        90,     13920,      5999,      4257,       471,       810,      2600
        90,     14814,      6893,      4248,       475,       867,      2615
        90,     13995,      6074,      4254,       478,      1104,      2575
        90,     14385,      6464,      4260,       467,      1002,      2610
        90,     13218,      5297,      4269,       477,       687,      2640
        90,     14631,      6710,      4263,       474,      1011,      2605
        90,     13473,      5552,      4260,       474,       801,      2625
        90,     13722,      5801,      4254,       475,       927,      2605
        90,     14223,      6302,      4260,       473,       795,      2660
        90,     14040,      6119,      4266,       479,       936,      2640
        90,     14037,      6116,      4254,       482,      1020,      2600
        90,     14403,      6482,      4263,       465,      1017,      2540
        90,     13863,      5942,      4260,       470,       816,      2665
        90,     14001,      6080,      4260,       473,       918,      2630
        90,     14244,      6323,      4257,       479,       990,      2615
        90,     13329,      5408,      4245,       479,      1044,      2635
        90,     13848,      5927,      4263,       484,      1191,      2610
        90,     13659,      5738,      4254,       476,       783,      2660
        90,     14031,      6110,      4257,       466,      1107,      2600
        90,     14052,      6131,      4263,       491,       732,      2625
        90,     14163,      6242,      4266,       469,      1215,      2565
        90,     13062,      5141,      4266,       476,       819,      2710
        90,     14325,      6404,      4251,       475,      1089,      2660
        90,     13140,      5219,      4260,       472,       858,      2710
        90,     14157,      6236,      4266,       472,      1032,      2645
        90,     14070,      6149,      4266,       466,       888,      2640
        90,     13911,      5990,      4263,       479,       939,      2630
        90,     13848,      5927,      4254,       475,      1209,      2615
        90,     13497,      5576,      4245,       474,       819,      2650
        90,     14703,      6782,      4242,       468,       732,      2595
        90,     13500,      5579,      4248,       465,      1041,      2675
        90,     14826,      6905,      4248,       482,       972,      2645
        90,     14265,      6344,      4272,       468,      1080,      2625
        90,     14397,      6476,      4269,       466,       924,      2620
        90,     14580,      6659,      4260,       473,      1149,      2585
        90,     13365,      5444,      4263,       479,      1134,      2650
        90,     13413,      5492,      4263,       482,      1086,      2620
        90,     14289,      6368,      4251,       482,      1122,      2620
        90,     14265,      6344,      4263,       474,      1227,      2655
        90,     13827,      5906,      4263,       472,       840,      2625
        90,     14658,      6737,      4260,       475,      1263,      2575
        90,     14523,      6602,      4263,       476,       828,      2670
        90,     14511,      6590,      4245,       472,       975,      2595
        90,     14409,      6488,      4260,       481,      1065,      2640
        90,     14145,      6224,      4260,       480,       951,      2655
        90,     14157,      6236,      4254,       477,      1362,      2605
        90,     13908,      5987,      4257,       462,      1065,      2625
        90,     14055,      6134,      4263,       474,      1062,      2605
        90,     14292,      6371,      4254,       465,      1020,      2600
        90,     14544,      6623,      4257,       468,      1182,      2670
       100,     17241,      7440,      5238,       542,       798,      2970
       100,     16734,      6933,      5232,       538,      1059,      3000
       100,     17184,      7383,      5229,       550,      1239,      3070
       100,     16950,      7149,      5223,       542,       933,      2965
       100,     17217,      7416,      5229,       541,      1230,      2995
       100,     17349,      7548,      5241,       552,      1146,      3030
       100,     17553,      7752,      5229,       548,      1278,      2970
       100,     18354,      8553,      5235,       543,       915,      2915
       100,     15987,      6186,      5220,       550,      1110,      3075
       100,     17439,      7638,      5235,       543,      1125,      3020
       100,     17076,      7275,      5232,       532,      1137,      3070
       100,     17517,      7716,      5238,       527,      1257,      3015
       100,     16722,      6921,      5238,       541,      1401,      2960
       100,     17289,      7488,      5214,       540,      1263,      3000
       100,     17778,      7977,      5229,       549,       981,      2960
       100,     17328,      7527,      5232,       542,       966,      3020
       100,     17082,      7281,      5223,       541,      1164,      2975
       100,     16902,      7101,      5232,       536,      1095,      3005
       100,     16653,      6852,      5232,       543,       933,      3040
       100,     16947,      7146,      5232,       546,       951,      3000
       100,     17538,      7737,      5238,       545,       900,      2975
       100,     16629,      6828,      5238,       537,      1002,      3005
       100,     16698,      6897,      5235,       541,       921,      3025
       100,     17286,      7485,      5235,       548,      1185,      2975
       100,     17670,      7869,      5232,       548,      1218,      3055
       100,     17529,      7728,      5223,       543,      1092,      2955
       100,     16614,      6813,      5235,       540,      1275,      3020
       100,     16488,      6687,      5223,       535,      1245,      3000
       100,     17487,      7686,      5226,       540,       990,      3035
       100,     17319,      7518,      5226,       553,      1419,      3000
       100,     17784,      7983,      5235,       548,      1146,      3010
       100,     17052,      7251,      5232,       532,      1173,      2970
       100,     17016,      7215,      5229,       546,       867,      3050
       100,     17241,      7440,      5238,       536,      1560,      2950
       100,     17436,      7635,      5241,       537,      1113,      2970
       100,     17706,      7905,      5229,       535,       999,      2965
       100,     17277,      7476,      5235,       549,       906,      2950
       100,     16725,      6924,      5232,       544,      1299,      2975
       100,     16245,      6444,      5229,       546,       993,      3120
       100,     17040,      7239,      5238,       536,      1206,      3025
       100,     16959,      7158,      5238,       534,      1086,      3055
       100,     16845,      7044,      5232,       544,      1116,      3040
       100,     17739,      7938,      5238,       537,      1032,      2980
       100,     17973,      8172,      5232,       537,       996,      2945
       100,     17556,      7755,      5229,       527,       918,      3015
       100,     17190,      7389,      5232,       538,       891,      3010
       100,     17910,      8109,      5229,       536,       957,      3010
       100,     16590,      6789,      5232,       551,       921,      3030
       100,     17250,      7449,      5232,       533,      1038,      2960
       100,     17286,      7485,      5232,       539,      1152,      3005
       100,     17553,      7752,      5229,       542,       969,      2960
       100,     17493,      7692,      5238,       540,      1050,      2965
       100,     17007,      7206,      5226,       545,       987,      2990
       100,     16341,      6540,      5235,       534,      1449,      3065
       100,     17475,      7674,      5235,       546,      1227,      3015
       100,     17055,      7254,      5238,       544,       909,      3010
       100,     17502,      7701,      5241,       543,      1041,      3005
       100,     17274,      7473,      5238,       535,      1035,      3050
       100,     17400,      7599,      5244,       544,      1200,      2985
       100,     18954,      9153,      5238,       536,       981,      2965
       100,     17910,      8109,      5226,       546,      1074,      2970
       100,     17478,      7677,      5220,       535,      1815,      2990
       100,     17178,      7377,      5220,       544,      1176,      3030
       100,     16923,      7122,      5229,       543,      1035,      3005
       100,     17631,      7830,      5232,       542,      1011,      3015
       100,     17403,      7602,      5232,       548,      1308,      2990
       100,     16614,      6813,      5223,       549,      1299,      3005
       100,     18498,      8697,      5238,       539,       969,      2960
       100,     17466,      7665,      5235,       537,       999,      3015
       100,     17088,      7287,      5241,       540,      1056,      3030
       100,     17739,      7938,      5232,       540,      1152,      2965
       100,     17334,      7533,      5226,       538,      1008,      2980
       100,     16908,      7107,      5232,       536,       861,      3055
       100,     17217,      7416,      5238,       540,      1242,      2975
       100,     17808,      8007,      5244,       541,       885,      2970
       100,     16929,      7128,      5223,       555,       831,      3025
       100,     17601,      7800,      5244,       541,       972,      2985
       100,     17367,      7566,      5235,       535,      1230,      2955
       100,     17100,      7299,      5226,       546,      1035,      3040
       100,     17613,      7812,      5241,       544,      1095,      2990
       100,     17118,      7317,      5238,       551,      1008,      3030
       100,     18054,      8253,      5235,       531,       993,      2960
       100,     16974,      7173,      5226,       542,      1191,      3005
       100,     17040,      7239,      5238,       540,      1290,      3005
       100,     17466,      7665,      5235,       547,      1395,      2990
       100,     16665,      6864,      5238,       540,      1197,      3015
       100,     16920,      7119,      5241,       547,       843,      3025
       100,     16425,      6624,      5223,       539,      1860,      2960
       100,     17433,      7632,      5229,       541,      1107,      3000
       100,     16443,      6642,      5247,       550,       984,      2960
       100,     17697,      7896,      5229,       541,       921,      2970
       100,     16842,      7041,      5232,       535,      1167,      3005
       100,     17325,      7524,      5235,       535,      1152,      3020
       100,     17082,      7281,      5226,       540,      1224,      3050
       100,     17619,      7818,      5232,       545,      1128,      2970
       100,     17280,      7479,      5235,       542,      1146,      3020
       100,     18066,      8265,      5232,       541,      1143,      2975
       100,     17682,      7881,      5238,       539,       996,      3025
       100,     16815,      7014,      5235,       548,      1140,      2995
       100,     17055,      7254,      5223,       545,       957,      3040
       100,     18102,      8301,      5238,       537,       993,      2905
       100,     17703,      7902,      5235,       547,      1077,      2960
       100,     16896,      7095,      5238,       541,      1020,      2985
       100,     17334,      7533,      5238,       552,      1017,      3010
       100,     18045,      8244,      5238,       541,       960,      2970
       100,     16800,      6999,      5238,       543,       954,      2985
       100,     17940,      8139,      5238,       542,      1092,      2990
       100,     17298,      7497,      5226,       543,       960,      2990
       100,     17196,      7395,      5235,       549,       996,      3040
       100,     17364,      7563,      5232,       534,       897,      2975
